PARTICIPANTIDENTIFIER,DIARY_DATE,BEDTIME,WAKE_TIME,SLEEP_QUALITY_1TO5,NOTES
SYN25-0001,2025-07-01,23:15,07:00,1,slept badly
SYN25-0001,2025-07-02,22:30,05:15,1,
SYN25-0001,2025-07-03,00:45,05:15,1,slept badly
SYN25-0001,2025-07-04,00:00,05:15,5,
SYN25-0001,2025-07-05,01:45,05:15,1,slept badly
SYN25-0001,2025-07-06,23:30,07:15,5,
SYN25-0001,2025-07-07,01:30,06:00,5,slept badly
SYN25-0002,2025-07-01,23:30,05:00,5,
SYN25-0002,2025-07-02,01:15,07:45,3,post-call
SYN25-0002,2025-07-03,01:45,06:30,2,
SYN25-0002,2025-07-04,23:00,06:45,3,post-call
SYN25-0002,2025-07-05,23:00,05:45,2,night shift
SYN25-0002,2025-07-06,23:45,07:00,1,slept badly
SYN25-0002,2025-07-07,01:30,06:30,5,post-call
SYN25-0003,2025-07-01,01:45,05:00,3,post-call
SYN25-0003,2025-07-02,22:00,06:45,3,post-call
SYN25-0003,2025-07-03,23:00,07:30,2,slept badly
SYN25-0003,2025-07-04,22:45,05:15,3,
SYN25-0003,2025-07-05,23:45,07:45,1,
SYN25-0003,2025-07-06,00:45,06:15,4,slept badly
SYN25-0003,2025-07-07,23:45,06:45,2,
SYN25-0004,2025-07-01,22:15,06:15,2,
SYN25-0004,2025-07-02,00:15,06:30,1,
SYN25-0004,2025-07-03,00:30,06:15,5,slept badly
SYN25-0004,2025-07-04,22:45,07:45,4,post-call
SYN25-0004,2025-07-05,22:45,07:00,2,
SYN25-0004,2025-07-06,23:45,06:00,3,slept badly
SYN25-0004,2025-07-07,22:00,05:15,5,
SYN25-0005,2025-07-01,23:00,05:15,5,post-call
SYN25-0005,2025-07-02,23:30,06:30,4,
SYN25-0005,2025-07-03,22:45,07:45,4,night shift
SYN25-0005,2025-07-04,22:15,05:30,3,post-call
SYN25-0005,2025-07-05,23:00,06:30,2,slept badly
SYN25-0005,2025-07-06,22:30,05:30,5,night shift
SYN25-0005,2025-07-07,23:30,06:30,2,slept badly
SYN25-0006,2025-07-01,23:15,07:15,2,slept badly
SYN25-0006,2025-07-02,00:30,05:00,3,post-call
SYN25-0006,2025-07-03,23:15,06:45,3,night shift
SYN25-0006,2025-07-04,22:15,05:15,4,
SYN25-0006,2025-07-05,23:15,07:00,4,night shift
SYN25-0006,2025-07-06,22:00,07:15,4,
SYN25-0006,2025-07-07,00:30,05:45,4,post-call
SYN25-0007,2025-07-01,22:15,06:15,1,
SYN25-0007,2025-07-02,01:45,06:45,3,
SYN25-0007,2025-07-03,01:15,05:00,1,slept badly
SYN25-0007,2025-07-04,23:45,06:15,1,night shift
SYN25-0007,2025-07-05,23:30,06:30,3,slept badly
SYN25-0007,2025-07-06,00:15,05:30,4,slept badly
SYN25-0007,2025-07-07,01:45,06:15,5,slept badly
SYN25-0008,2025-07-01,22:45,06:00,2,
SYN25-0008,2025-07-02,23:45,05:00,3,slept badly
SYN25-0008,2025-07-03,01:45,05:00,2,
SYN25-0008,2025-07-04,23:00,05:45,5,
SYN25-0008,2025-07-05,22:45,06:15,3,post-call
SYN25-0008,2025-07-06,01:45,06:30,5,
SYN25-0008,2025-07-07,00:15,07:00,4,post-call
SYN25-0009,2025-07-01,23:00,06:45,1,
SYN25-0009,2025-07-02,23:00,06:30,2,night shift
SYN25-0009,2025-07-03,23:45,06:00,4,post-call
SYN25-0009,2025-07-04,23:15,06:45,5,post-call
SYN25-0009,2025-07-05,23:45,06:30,3,
SYN25-0009,2025-07-06,23:00,06:45,4,
SYN25-0009,2025-07-07,00:30,06:00,1,
SYN25-0010,2025-07-01,22:00,06:30,1,
SYN25-0010,2025-07-02,23:15,07:30,4,
SYN25-0010,2025-07-03,01:45,06:00,3,
SYN25-0010,2025-07-04,23:45,05:30,1,
SYN25-0010,2025-07-05,23:00,06:00,3,
SYN25-0010,2025-07-06,00:00,06:45,3,slept badly
SYN25-0010,2025-07-07,23:00,06:00,2,night shift
SYN25-0011,2025-07-01,22:15,06:30,3,slept badly
SYN25-0011,2025-07-02,23:30,07:15,3,night shift
SYN25-0011,2025-07-03,22:30,05:00,1,slept badly
SYN25-0011,2025-07-04,01:15,07:15,4,
SYN25-0011,2025-07-05,00:45,07:30,2,
SYN25-0011,2025-07-06,23:15,06:45,3,
SYN25-0011,2025-07-07,23:00,05:30,4,
SYN25-0012,2025-07-01,22:00,07:30,5,
SYN25-0012,2025-07-02,23:00,07:15,2,night shift
SYN25-0012,2025-07-03,00:00,06:30,3,slept badly
SYN25-0012,2025-07-04,23:15,05:30,2,night shift
SYN25-0012,2025-07-05,23:00,06:45,1,post-call
SYN25-0012,2025-07-06,23:15,06:00,1,night shift
SYN25-0012,2025-07-07,22:15,07:00,4,
